,value_eur
0,137512.0
1,48115.0
2,113801.0
3,177462.0
4,80806.0
5,97549.0
6,426649.0
7,239309.0
8,166228.0
9,84396.0
10,192963.0
11,87711.0
12,518920.0
13,60408.0
14,265404.0
15,72923.0
16,162768.0
17,40079.0
18,41590.0
19,48925.0
20,95184.0
21,111306.0
22,19662.0
23,86295.0
24,233245.0
25,115492.0
26,588105.0
27,119886.0
28,544057.0
29,138496.0
30,98824.0
31,80507.0
32,68594.0
33,490476.0
34,151984.0
35,185519.0
36,100341.0
37,155118.0
38,132881.0
39,68800.0
40,96449.0
41,196229.0
42,87053.0
43,146810.0
44,49211.0
45,171683.0
46,292513.0
47,366289.0
48,41741.0
49,196093.0
50,65772.0
51,113190.0
52,117374.0
53,181872.0
54,31949.0
55,214916.0
56,77255.0
57,93434.0
58,125552.0
59,167894.0
60,95757.0
61,95405.0
62,453601.0
63,208445.0
64,238289.0
65,53135.0
66,272008.0
67,30884.0
68,278558.0
69,81177.0
70,56442.0
71,49892.0
72,57190.0
73,74525.0
74,268575.0
75,89178.0
76,91881.0
77,79276.0
78,261314.0
79,83353.0
80,52249.0
81,276357.0
82,42407.0
83,56130.0
84,407266.0
85,344718.0
86,144559.0
87,30394.0
88,139142.0
89,558845.0
90,230910.0
91,90426.0
92,74643.0
93,60706.0
94,350253.0
95,375904.0
96,343930.0
97,254269.0
98,99279.0
99,100529.0
100,344662.0
101,75761.0
102,57911.0
103,70590.0
104,36730.0
105,270936.0
106,178875.0
107,74207.0
108,169061.0
109,45732.0
110,97847.0
111,183653.0
112,23857.0
113,141579.0
114,55965.0
115,33654.0
116,76681.0
117,85770.0
118,142409.0
119,58338.0
120,27921.0
121,130636.0
122,54391.0
123,134944.0
124,45924.0
125,34281.0
126,263957.0
127,90719.0
128,158355.0
129,37026.0
130,113045.0
131,146002.0
132,25716.0
133,31713.0
134,252948.0
135,329676.0
136,28680.0
137,100455.0
138,117629.0
139,38724.0
140,74616.0
141,138513.0
142,48385.0
143,93543.0
144,123516.0
145,116361.0
146,53917.0
147,120960.0
148,49914.0
149,39222.0
150,230645.0
151,106378.0
152,25174.0
153,99695.0
154,156827.0
155,49383.0
156,69911.0
157,172882.0
158,499232.0
159,153700.0
160,119983.0
161,182102.0
162,193571.0
163,113570.0
164,95616.0
165,93447.0
166,74444.0
167,62130.0
168,252545.0
169,274100.0
170,110206.0
171,156424.0
172,503380.0
173,193431.0
174,196517.0
175,151247.0
176,80530.0
177,92283.0
178,211372.0
179,214702.0
180,137222.0
181,99818.0
182,90132.0
183,92369.0
184,25997.0
185,137792.0
186,144974.0
187,147881.0
188,368836.0
189,18758.0
190,171638.0
191,109168.0
192,182341.0
193,158345.0
194,179204.0
195,66248.0
196,49203.0
197,47278.0
198,39402.0
199,27303.0
200,157268.0
201,60066.0
202,339693.0
203,60451.0
204,88692.0
205,266234.0
206,248010.0
207,196505.0
208,186113.0
209,166378.0
210,101923.0
211,244501.0
212,113483.0
213,190594.0
214,97170.0
215,67530.0
216,98468.0
217,85631.0
218,416539.0
219,96048.0
220,31559.0
221,92834.0
222,122727.0
223,99924.0
224,50566.0
225,203198.0
226,250393.0
227,254708.0
228,209672.0
229,173737.0
230,164917.0
231,54027.0
232,290086.0
233,319328.0
234,193827.0
235,184779.0
236,127024.0
237,194622.0
238,107552.0
239,280921.0
240,290546.0
241,107909.0
242,80959.0
243,45923.0
244,30192.0
245,28048.0
246,316240.0
247,270214.0
248,110118.0
249,121411.0
250,62795.0
251,176352.0
252,77244.0
253,79153.0
254,168007.0
255,31042.0
256,107999.0
257,162848.0
258,192611.0
259,76814.0
260,393508.0
261,110468.0
262,220684.0
263,71849.0
264,146972.0
265,508256.0
266,99026.0
267,71914.0
268,76462.0
269,173610.0
270,204940.0
271,131889.0
272,105480.0
273,45493.0
274,66034.0
275,119563.0
276,85965.0
277,550652.0
278,20600.0
279,60160.0
280,54413.0
281,293764.0
282,55683.0
283,111647.0
284,74301.0
285,231191.0
286,25741.0
287,88850.0
288,355425.0
289,190622.0
290,149778.0
291,273250.0
292,28734.0
293,96650.0
294,83920.0
295,94128.0
296,178238.0
297,292049.0
298,25323.0
299,215244.0
300,53895.0
301,310595.0
302,72636.0
303,129914.0
304,133042.0
305,134755.0
306,355304.0
307,50221.0
308,67838.0
309,90272.0
310,97740.0
311,164575.0
312,173506.0
313,69356.0
314,218966.0
315,150517.0
316,189649.0
317,41282.0
318,175831.0
319,41331.0
320,70800.0
321,184184.0
322,145289.0
323,59881.0
324,96700.0
325,41653.0
326,50405.0
327,149003.0
328,308985.0
329,149722.0
330,208337.0
331,25962.0
332,103493.0
333,61331.0
334,124993.0
335,102414.0
336,91296.0
337,82492.0
338,72200.0
339,269644.0
340,93099.0
341,176139.0
342,178138.0
343,276609.0
344,46526.0
345,72735.0
346,201384.0
347,177058.0
348,53396.0
349,150150.0
350,223555.0
351,99930.0
352,67735.0
353,365018.0
354,88676.0
355,41796.0
356,113995.0
357,85804.0
358,312477.0
359,203737.0
360,193434.0
361,88036.0
362,85513.0
363,257578.0
364,162698.0
365,34943.0
366,123451.0
367,108654.0
368,366002.0
369,258624.0
370,162962.0
371,117721.0
372,374775.0
373,124551.0
374,93779.0
375,93871.0
376,121710.0
377,44522.0
378,96825.0
379,36425.0
380,65994.0
381,120175.0
382,320283.0
383,23002.0
384,273289.0
385,134908.0
386,75454.0
387,142756.0
388,71679.0
389,181076.0
390,107574.0
391,75849.0
392,60387.0
393,286871.0
394,96817.0
395,169798.0
396,219754.0
397,33597.0
398,45357.0
399,136324.0
400,54000.0
401,60376.0
402,68750.0
403,124472.0
404,70350.0
405,255471.0
406,35111.0
407,82343.0
408,193123.0
409,207598.0
410,383197.0
411,109335.0
412,119249.0
413,39204.0
414,154265.0
415,57945.0
416,53103.0
417,66397.0
418,109528.0
419,130236.0
420,97000.0
421,148050.0
422,105215.0
423,120181.0
424,444472.0
425,23955.0
426,36975.0
427,86605.0
428,552082.0
429,131594.0
430,87276.0
431,28493.0
432,76315.0
433,35992.0
434,172336.0
435,26326.0
436,114792.0
437,293068.0
438,32120.0
439,103293.0
440,98958.0
441,73874.0
442,46844.0
443,94467.0
444,95426.0
445,109052.0
446,249973.0
447,119469.0
448,89525.0
449,87123.0
450,82945.0
451,193292.0
452,40260.0
453,331832.0
454,106935.0
455,275650.0
456,128360.0
457,350423.0
458,118132.0
459,464416.0
460,69469.0
461,297316.0
462,105287.0
463,75404.0
464,29228.0
465,59448.0
466,194305.0
467,294320.0
468,45208.0
469,63126.0
470,374208.0
471,155773.0
472,53721.0
473,112145.0
474,169751.0
475,88630.0
476,177757.0
477,231722.0
478,77634.0
479,119655.0
480,177566.0
481,116892.0
482,51761.0
483,225250.0
484,53996.0
485,88245.0
486,53165.0
487,240352.0
488,426073.0
489,140221.0
490,137163.0
491,26220.0
492,100258.0
493,306388.0
494,22704.0
495,114399.0
496,171916.0
497,51793.0
498,42973.0
499,273565.0
500,67921.0
501,105463.0
502,97817.0
503,81704.0
504,167308.0
505,345789.0
506,190540.0
507,122656.0
508,114388.0
509,145304.0
510,83350.0
511,205749.0
512,188155.0
513,93651.0
514,117442.0
515,55618.0
516,99173.0
517,27062.0
518,107485.0
519,67693.0
520,258814.0
521,244199.0
522,50223.0
523,521724.0
524,161985.0
525,259149.0
526,82911.0
527,49143.0
528,23803.0
529,165820.0
530,72620.0
531,27654.0
532,184867.0
533,85515.0
534,78766.0
535,43932.0
536,117312.0
537,116348.0
538,136677.0
539,153824.0
540,105209.0
541,18354.0
542,184497.0
543,27293.0
544,88109.0
545,96114.0
546,79110.0
547,64575.0
548,153127.0
549,172332.0
550,110190.0
551,373016.0
552,69107.0
553,381577.0
554,46125.0
555,170971.0
556,124705.0
557,212344.0
558,206695.0
559,67679.0
560,48126.0
561,82484.0
562,62416.0
563,101648.0
564,49281.0
565,59160.0
566,135080.0
567,99749.0
568,53807.0
569,118952.0
570,41144.0
571,27430.0
572,88709.0
573,36214.0
574,143309.0
575,38032.0
576,26712.0
577,27381.0
578,593402.0
579,35306.0
580,34703.0
581,614579.0
582,142816.0
583,71232.0
584,34846.0
585,114735.0
586,112341.0
587,92735.0
588,45873.0
589,156753.0
590,66800.0
591,442982.0
592,117072.0
593,273955.0
594,30307.0
595,108832.0
596,194278.0
597,132899.0
598,153653.0
599,49879.0
600,140422.0
601,59309.0
602,110380.0
603,170489.0
604,73055.0
605,119509.0
606,203034.0
607,78629.0
608,205716.0
609,57502.0
610,112604.0
611,62158.0
612,266740.0
613,162206.0
614,56423.0
615,68531.0
616,26140.0
617,36524.0
618,20623.0
619,72846.0
620,53248.0
621,61589.0
622,58310.0
623,51334.0
624,56425.0
625,106657.0
626,73506.0
627,90919.0
628,58845.0
629,74256.0
630,458698.0
631,89107.0
632,90577.0
633,76789.0
634,80814.0
635,173492.0
636,181294.0
637,515590.0
638,106458.0
639,108043.0
640,121828.0
641,85249.0
642,379698.0
643,57403.0
644,104346.0
645,193212.0
646,115581.0
647,39568.0
648,170207.0
649,26489.0
650,53285.0
651,110843.0
652,74500.0
653,126507.0
654,55540.0
655,323268.0
656,64747.0
657,111011.0
658,109498.0
659,87966.0
660,156153.0
661,141088.0
662,91005.0
663,393446.0
664,52497.0
665,415501.0
666,71618.0
667,50679.0
668,138844.0
669,41398.0
670,33057.0
671,222314.0
672,78571.0
673,61285.0
674,77245.0
675,509781.0
676,161334.0
677,182636.0
678,151837.0
679,30264.0
680,26135.0
681,93610.0
682,67269.0
683,266474.0
684,85472.0
685,95535.0
686,29779.0
687,92161.0
688,103076.0
689,86218.0
690,95765.0
691,31223.0
692,220049.0
693,59181.0
694,310910.0
695,76047.0
696,399126.0
697,47866.0
698,96898.0
699,65757.0
700,234251.0
701,97867.0
702,81838.0
703,91077.0
704,155316.0
705,64666.0
706,465448.0
707,108546.0
708,433293.0
709,91265.0
710,111722.0
711,31475.0
712,32337.0
713,185064.0
714,341317.0
715,107181.0
716,154139.0
717,122314.0
718,27179.0
719,139992.0
720,45133.0
721,181306.0
722,28891.0
723,36046.0
724,94067.0
725,33419.0
726,122001.0
727,341968.0
728,67972.0
729,222225.0
730,63106.0
731,170798.0
732,209274.0
733,173726.0
734,50402.0
735,211597.0
736,27375.0
737,53687.0
738,30770.0
739,168269.0
740,194204.0
741,72014.0
742,115689.0
743,49284.0
744,125826.0
745,177415.0
746,55979.0
747,86296.0
748,86195.0
749,79650.0
750,40698.0
751,386884.0
752,208135.0
753,134875.0
754,93501.0
755,101316.0
756,355449.0
757,95368.0
758,95269.0
759,43629.0
760,160919.0
761,184986.0
762,283841.0
763,20828.0
764,48717.0
765,173458.0
766,23880.0
767,279976.0
768,65715.0
769,171698.0
770,99584.0
771,170198.0
772,185390.0
773,82671.0
774,85299.0
775,40693.0
776,30341.0
777,95420.0
778,24491.0
779,151291.0
780,64461.0
781,75786.0
782,62379.0
783,27323.0
784,168874.0
785,186978.0
786,75682.0
787,372312.0
788,99908.0
789,197562.0
790,109583.0
791,223986.0
792,139254.0
793,88402.0
794,253019.0
795,195805.0
796,159258.0
797,132894.0
798,373835.0
799,26215.0
800,74338.0
801,158205.0
802,73117.0
803,77983.0
804,99538.0
805,266127.0
806,119035.0
807,303336.0
808,27375.0
809,197939.0
810,43409.0
811,85289.0
812,66524.0
813,174041.0
814,139880.0
815,80134.0
816,61402.0
817,29139.0
818,105389.0
819,199437.0
820,125079.0
821,411962.0
822,68507.0
823,46085.0
824,176619.0
825,142671.0
826,21883.0
827,197123.0
828,57489.0
829,113440.0
830,67987.0
831,134622.0
832,53187.0
833,111678.0
834,154702.0
835,254215.0
836,100313.0
837,81769.0
838,90090.0
839,509547.0
840,76768.0
841,187728.0
842,51869.0
843,40799.0
844,288294.0
845,76661.0
846,167326.0
847,68442.0
848,53899.0
849,24219.0
850,178673.0
851,262456.0
852,169203.0
853,81883.0
854,60392.0
855,140678.0
856,55244.0
857,208140.0
858,82291.0
859,227691.0
860,191505.0
861,111229.0
862,227321.0
863,48198.0
864,57240.0
865,285955.0
866,71367.0
867,85064.0
868,125565.0
869,131752.0
870,90119.0
871,218644.0
872,161816.0
873,35422.0
874,48928.0
875,198573.0
876,150752.0
877,58592.0
878,50626.0
879,120333.0
880,115289.0
881,59403.0
882,133684.0
883,130081.0
884,192783.0
885,242977.0
886,107215.0
887,26531.0
888,48880.0
889,57064.0
890,22952.0
891,71201.0
892,98051.0
893,132780.0
894,46111.0
895,207760.0
896,78922.0
897,194127.0
898,46847.0
899,296433.0
900,29141.0
901,295698.0
902,51946.0
903,92040.0
904,176076.0
905,94237.0
906,81960.0
907,168492.0
908,24992.0
909,292549.0
910,163414.0
911,89791.0
912,125746.0
913,136891.0
914,104433.0
915,552798.0
916,44030.0
917,39452.0
918,49520.0
919,70963.0
920,152098.0
921,109017.0
922,290305.0
923,288807.0
924,93503.0
925,35990.0
926,20645.0
927,26622.0
928,89097.0
929,28798.0
930,116718.0
931,117822.0
932,82788.0
933,200615.0
934,220084.0
935,326014.0
936,143370.0
937,259309.0
938,36433.0
939,62364.0
940,71995.0
941,88210.0
942,55617.0
943,41305.0
944,235877.0
945,184698.0
946,386735.0
947,32333.0
948,170396.0
949,108721.0
950,163359.0
951,90200.0
952,32038.0
953,114797.0
954,56306.0
955,189381.0
956,161981.0
957,239964.0
958,169941.0
959,103702.0
960,157689.0
961,41788.0
962,83050.0
963,155326.0
964,99737.0
965,55347.0
966,413670.0
967,109439.0
968,77916.0
969,165139.0
970,108392.0
971,75234.0
972,38380.0
973,109704.0
974,116246.0
975,78947.0
976,22044.0
977,88722.0
978,112963.0
979,65957.0
980,139213.0
981,130806.0
982,128391.0
983,214013.0
984,79488.0
985,166875.0
986,171752.0
987,60096.0
988,29366.0
989,311495.0
990,239657.0
991,82747.0
992,104998.0
993,37635.0
994,70317.0
995,77306.0
996,60697.0
997,114584.0
998,208049.0
999,29324.0
1000,283738.0
1001,120368.0
1002,97607.0
1003,166465.0
1004,84019.0
1005,102217.0
1006,112936.0
1007,448535.0
1008,125320.0
1009,125214.0
1010,124663.0
1011,156241.0
1012,39136.0
1013,331744.0
1014,215032.0
1015,128494.0
1016,43726.0
1017,132118.0
1018,335803.0
1019,93228.0
1020,287965.0
1021,115596.0
1022,209092.0
1023,26425.0
1024,160202.0
1025,251824.0
1026,63521.0
1027,54518.0
1028,90830.0
1029,91664.0
1030,150022.0
1031,54122.0
1032,172690.0
1033,89591.0
1034,78807.0
1035,175193.0
1036,119297.0
1037,96657.0
1038,160276.0
1039,227568.0
1040,145910.0
1041,325177.0
1042,112036.0
1043,59709.0
1044,53782.0
1045,103517.0
1046,93923.0
1047,98009.0
1048,39311.0
1049,108264.0
1050,84588.0
1051,130812.0
1052,318451.0
1053,68394.0
1054,49940.0
1055,107316.0
1056,69981.0
1057,196359.0
1058,90942.0
1059,182987.0
1060,49266.0
1061,637974.0
1062,85201.0
1063,200692.0
1064,98519.0
1065,57482.0
1066,397660.0
1067,318624.0
1068,347543.0
1069,77876.0
1070,172645.0
1071,162268.0
1072,80133.0
1073,210047.0
1074,261689.0
1075,103770.0
1076,126227.0
1077,76413.0
1078,157619.0
1079,35226.0
1080,115614.0
1081,94842.0
1082,87388.0
1083,126872.0
1084,86382.0
1085,29066.0
1086,27785.0
1087,100440.0
1088,36825.0
1089,199503.0
1090,169382.0
1091,260838.0
1092,36021.0
1093,164249.0
1094,27602.0
1095,425670.0
1096,192634.0
1097,225167.0
1098,141632.0
1099,175816.0
1100,69908.0
1101,112839.0
1102,124048.0
1103,77770.0
1104,487479.0
1105,48130.0
1106,78871.0
1107,471796.0
1108,189704.0
1109,34143.0
1110,163652.0
1111,124611.0
1112,222119.0
1113,48700.0
1114,54290.0
1115,48987.0
1116,119769.0
1117,133115.0
1118,30149.0
1119,171234.0
1120,50169.0
1121,91132.0
1122,414751.0
1123,27513.0
1124,102529.0
1125,284985.0
1126,125453.0
1127,106868.0
1128,435675.0
1129,128593.0
1130,235721.0
1131,62440.0
1132,220607.0
1133,185752.0
1134,57303.0
1135,84877.0
1136,68431.0
1137,322835.0
1138,280594.0
1139,134401.0
1140,430412.0
1141,143661.0
1142,153175.0
1143,55658.0
1144,129972.0
1145,33677.0
1146,174153.0
1147,38976.0
1148,70806.0
1149,23107.0
1150,203928.0
1151,119651.0
1152,35401.0
1153,85769.0
1154,92538.0
1155,169813.0
1156,78374.0
1157,178491.0
1158,152254.0
1159,205031.0
1160,94317.0
1161,91953.0
1162,70122.0
1163,121231.0
1164,21741.0
1165,77694.0
1166,68286.0
1167,69871.0
1168,73778.0
1169,125091.0
1170,47427.0
1171,45078.0
1172,75610.0
1173,146762.0
1174,146349.0
1175,190633.0
1176,253887.0
1177,91294.0
1178,72941.0
1179,110041.0
1180,209480.0
1181,49533.0
1182,84424.0
1183,48882.0
1184,78837.0
1185,50234.0
1186,200278.0
1187,112867.0
1188,298820.0
1189,208257.0
1190,113675.0
1191,98781.0
1192,52442.0
1193,46821.0
1194,134255.0
1195,264221.0
1196,93796.0
1197,51595.0
1198,105200.0
1199,48951.0
1200,134185.0
1201,69512.0
1202,421556.0
1203,104438.0
1204,66465.0
1205,118786.0
1206,118951.0
1207,131326.0
1208,24766.0
1209,80539.0
1210,92678.0
1211,106836.0
1212,32603.0
1213,260156.0
1214,107485.0
1215,28305.0
1216,52182.0
1217,97659.0
1218,195608.0
1219,106059.0
1220,52731.0
1221,103097.0
1222,237308.0
1223,104427.0
1224,136257.0
1225,95120.0
1226,110676.0
1227,103070.0
1228,203524.0
1229,149691.0
1230,349367.0
1231,113388.0
1232,278870.0
1233,340978.0
1234,148901.0
1235,174940.0
1236,67696.0
1237,270012.0
1238,81461.0
1239,87637.0
1240,418132.0
1241,144272.0
1242,150092.0
1243,97195.0
1244,130445.0
1245,128733.0
1246,234333.0
1247,69056.0
1248,57768.0
1249,246441.0
1250,231055.0
1251,97294.0
1252,108119.0
1253,78530.0
1254,62414.0
1255,74721.0
1256,93045.0
1257,293724.0
1258,97740.0
1259,274348.0
1260,183682.0
1261,184134.0
1262,65221.0
1263,78915.0
1264,158972.0
1265,131037.0
1266,66134.0
1267,269681.0
1268,177313.0
1269,70181.0
1270,111120.0
1271,114729.0
1272,137620.0
1273,202904.0
1274,36436.0
1275,130879.0
1276,78657.0
1277,390774.0
1278,90720.0
1279,98546.0
1280,234723.0
1281,96568.0
1282,59510.0
1283,34629.0
1284,85770.0
1285,53401.0
1286,114984.0
1287,48647.0
1288,161185.0
1289,61346.0
1290,110544.0
1291,195036.0
1292,130031.0
1293,52094.0
1294,119372.0
1295,37001.0
1296,58654.0
1297,447985.0
1298,296958.0
1299,53195.0
1300,75674.0
1301,157861.0
1302,44966.0
1303,127680.0
1304,93301.0
1305,26775.0
1306,60428.0
1307,150110.0
1308,77787.0
1309,171493.0
1310,88700.0
1311,53383.0
1312,219227.0
1313,38973.0
1314,190654.0
1315,125163.0
1316,39908.0
1317,72241.0
1318,96024.0
1319,188117.0
1320,80389.0
1321,99644.0
1322,25691.0
1323,190163.0
1324,79538.0
1325,51724.0
1326,91374.0
1327,91216.0
1328,99353.0
1329,173638.0
1330,96010.0
1331,204110.0
1332,52397.0
1333,52166.0
1334,271059.0
1335,43039.0
1336,30886.0
1337,183727.0
1338,196319.0
1339,304704.0
1340,46801.0
1341,86096.0
1342,154741.0
1343,50646.0
1344,137441.0
1345,205065.0
1346,79275.0
1347,236073.0
1348,71838.0
1349,89047.0
1350,130098.0
1351,91499.0
1352,268446.0
1353,88187.0
1354,154890.0
1355,80476.0
1356,202432.0
1357,208992.0
1358,188316.0
1359,192108.0
1360,159524.0
1361,94145.0
1362,182688.0
1363,90458.0
1364,54682.0
1365,172298.0
1366,39849.0
1367,52804.0
1368,141655.0
1369,55031.0
1370,149691.0
1371,166566.0
1372,170611.0
1373,36152.0
1374,24483.0
1375,522999.0
1376,91011.0
1377,118943.0
1378,31402.0
1379,102094.0
1380,107042.0
1381,26299.0
1382,133824.0
1383,112175.0
1384,243477.0
1385,170038.0
1386,109528.0
1387,293420.0
1388,111663.0
1389,95088.0
1390,212231.0
1391,191376.0
1392,167690.0
1393,30280.0
1394,132670.0
1395,166124.0
1396,212221.0
1397,72909.0
1398,94577.0
1399,78341.0
1400,32573.0
1401,69210.0
1402,30459.0
1403,204645.0
1404,116612.0
1405,194909.0
1406,30804.0
1407,323506.0
1408,41735.0
1409,103846.0
1410,179908.0
1411,112583.0
1412,111739.0
1413,141817.0
1414,160930.0
1415,67051.0
1416,130052.0
1417,133016.0
1418,52083.0
1419,84031.0
1420,80245.0
1421,193736.0
1422,37754.0
1423,55080.0
1424,120545.0
1425,101982.0
1426,422234.0
1427,58412.0
1428,474550.0
1429,83424.0
1430,61331.0
1431,264122.0
1432,40683.0
1433,497494.0
1434,258416.0
1435,321939.0
1436,63752.0
1437,211966.0
1438,55603.0
1439,180075.0
1440,70008.0
1441,404734.0
1442,215495.0
1443,91269.0
1444,21238.0
1445,170926.0
1446,248984.0
1447,103866.0
1448,74138.0
1449,115604.0
1450,159731.0
1451,192819.0
1452,52457.0
1453,318290.0
1454,191937.0
1455,185677.0
1456,58067.0
1457,155081.0
1458,276021.0
1459,155349.0
1460,242917.0
1461,57448.0
1462,244346.0
1463,40739.0
1464,49407.0
1465,125296.0
1466,108898.0
1467,71145.0
1468,91416.0
1469,359799.0
1470,161054.0
1471,106490.0
1472,141056.0
1473,95740.0
1474,405264.0
1475,381469.0
1476,23721.0
1477,109020.0
1478,73793.0
1479,92900.0
1480,114903.0
1481,269797.0
1482,75282.0
1483,22158.0
1484,112518.0
1485,335989.0
1486,49494.0
1487,147162.0
1488,130658.0
1489,251194.0
1490,54190.0
1491,178371.0
1492,91796.0
1493,74298.0
1494,442802.0
1495,152127.0
1496,150053.0
1497,93042.0
1498,294318.0
1499,116543.0
1500,121087.0
1501,192297.0
1502,36530.0
1503,144026.0
1504,173281.0
1505,140754.0
1506,130448.0
1507,482416.0
1508,109935.0
1509,84174.0
1510,466761.0
1511,111103.0
1512,153858.0
1513,38001.0
1514,42717.0
1515,186413.0
1516,88973.0
1517,110383.0
1518,71478.0
1519,76688.0
1520,57092.0
1521,86247.0
1522,132610.0
1523,421211.0
1524,183263.0
1525,162175.0
1526,113239.0
1527,54377.0
1528,261574.0
1529,87508.0
1530,48426.0
1531,42706.0
1532,171563.0
1533,195570.0
1534,78334.0
1535,126981.0
1536,91957.0
1537,147301.0
1538,57733.0
1539,21257.0
1540,75135.0
1541,92301.0
1542,26438.0
1543,221491.0
1544,51453.0
1545,111654.0
1546,83817.0
1547,109703.0
1548,461247.0
1549,130347.0
1550,141047.0
1551,111593.0
1552,239829.0
1553,66211.0
1554,95952.0
1555,40651.0
1556,165301.0
1557,102693.0
1558,78745.0
1559,69898.0
1560,31700.0
1561,105817.0
1562,90302.0
1563,68674.0
1564,109147.0
1565,52341.0
1566,30157.0
1567,516149.0
1568,23232.0
1569,352450.0
1570,49107.0
1571,49380.0
1572,241096.0
1573,89887.0
1574,408121.0
1575,114350.0
1576,95854.0
1577,174057.0
1578,51759.0
1579,165503.0
1580,189999.0
1581,104108.0
1582,111267.0
1583,92506.0
1584,278326.0
1585,24503.0
1586,318020.0
1587,63677.0
1588,258795.0
1589,206874.0
1590,157773.0
1591,502839.0
1592,48788.0
1593,509721.0
1594,131666.0
1595,248985.0
1596,108265.0
1597,111642.0
1598,197396.0
1599,42845.0
1600,71642.0
1601,238451.0
1602,117322.0
1603,215483.0
1604,142322.0
1605,73857.0
1606,195117.0
1607,105223.0
1608,180704.0
1609,74981.0
1610,241771.0
1611,40531.0
1612,187170.0
1613,29971.0
1614,170050.0
1615,111720.0
1616,35442.0
1617,271910.0
1618,52497.0
1619,29255.0
1620,256284.0
1621,125822.0
1622,116655.0
1623,110546.0
1624,127675.0
1625,123708.0
1626,335474.0
1627,174350.0
1628,121550.0
1629,66485.0
1630,159996.0
1631,59742.0
1632,83241.0
1633,305468.0
1634,150417.0
1635,24566.0
1636,223658.0
1637,251779.0
1638,68205.0
1639,431695.0
1640,41607.0
1641,120425.0
1642,166298.0
1643,155432.0
1644,142188.0
1645,88631.0
1646,49763.0
1647,36498.0
1648,70187.0
1649,60410.0
1650,193489.0
1651,61864.0
1652,29529.0
1653,173085.0
1654,120172.0
1655,253667.0
1656,49438.0
1657,79025.0
1658,205931.0
1659,105573.0
1660,60929.0
1661,89816.0
1662,150271.0
1663,25190.0
1664,124808.0
1665,142700.0
1666,37020.0
1667,71418.0
1668,60519.0
1669,99789.0
1670,90547.0
1671,195009.0
1672,148843.0
1673,44945.0
1674,215331.0
1675,55984.0
1676,94875.0
1677,137128.0
1678,73752.0
1679,178555.0
1680,224973.0
1681,145401.0
1682,148907.0
1683,34272.0
1684,81168.0
1685,138628.0
1686,82803.0
1687,120318.0
1688,45673.0
1689,82078.0
1690,141197.0
1691,199233.0
1692,170356.0
1693,199239.0
1694,53322.0
1695,52071.0
1696,189033.0
1697,54811.0
1698,228375.0
1699,28684.0
1700,64688.0
1701,94618.0
1702,106401.0
1703,241116.0
1704,53449.0
1705,47325.0
1706,93832.0
1707,92922.0
1708,116902.0
1709,193979.0
1710,147319.0
1711,66870.0
1712,191849.0
1713,352603.0
1714,311885.0
1715,84641.0
1716,157998.0
1717,411219.0
1718,113954.0
1719,68200.0
1720,54545.0
1721,75880.0
1722,140429.0
1723,42737.0
1724,130997.0
1725,141758.0
1726,46131.0
1727,77879.0
1728,134209.0
1729,54128.0
1730,96019.0
1731,127153.0
1732,52014.0
1733,135146.0
1734,55792.0
1735,72454.0
1736,95189.0
1737,27606.0
1738,172983.0
1739,134568.0
1740,132186.0
1741,131838.0
1742,287137.0
1743,60091.0
1744,56541.0
1745,61748.0
1746,106077.0
1747,51294.0
1748,142601.0
1749,26729.0
1750,24290.0
1751,198948.0
1752,341762.0
1753,36307.0
1754,199352.0
1755,154013.0
1756,104744.0
1757,80886.0
1758,421756.0
1759,34293.0
1760,136377.0
1761,214403.0
1762,130598.0
1763,63579.0
1764,25151.0
1765,70830.0
1766,70231.0
1767,196327.0
1768,428031.0
1769,86920.0
1770,79514.0
1771,79146.0
1772,102213.0
1773,144973.0
1774,224600.0
1775,46412.0
1776,27366.0
1777,312804.0
1778,231529.0
1779,261618.0
1780,84237.0
1781,76917.0
1782,31169.0
1783,33618.0
1784,55423.0
1785,38140.0
1786,33377.0
1787,95204.0
1788,35170.0
1789,150108.0
1790,157999.0
1791,44829.0
1792,195802.0
1793,47989.0
1794,70272.0
1795,338651.0
1796,143344.0
1797,95132.0
1798,28630.0
1799,56938.0
1800,148991.0
1801,281845.0
1802,49901.0
1803,30621.0
1804,77451.0
1805,224485.0
1806,104031.0
1807,93807.0
1808,134247.0
1809,75628.0
1810,92966.0
1811,101021.0
1812,193659.0
1813,174037.0
1814,296536.0
1815,64147.0
1816,303809.0
1817,90246.0
1818,96497.0
1819,98421.0
1820,135099.0
1821,86552.0
1822,110818.0
1823,115026.0
1824,275347.0
1825,81729.0
1826,102260.0
1827,143460.0
1828,138942.0
1829,76685.0
1830,90689.0
1831,133238.0
1832,47540.0
1833,171521.0
1834,276962.0
1835,83690.0
1836,64562.0
1837,154247.0
1838,295268.0
1839,58403.0
1840,131104.0
1841,55827.0
1842,59931.0
1843,43381.0
1844,62446.0
1845,24389.0
1846,327806.0
1847,122303.0
1848,45774.0
1849,85652.0
1850,157463.0
1851,39417.0
1852,415272.0
1853,98439.0
1854,50227.0
1855,114572.0
1856,100686.0
1857,111507.0
1858,136626.0
1859,39532.0
1860,112192.0
1861,413973.0
1862,129057.0
1863,87128.0
1864,35350.0
1865,60393.0
1866,151140.0
1867,102855.0
1868,45005.0
1869,37622.0
1870,159382.0
1871,48032.0
1872,60042.0
1873,158450.0
1874,92750.0
1875,215856.0
1876,91784.0
1877,57276.0
1878,84989.0
1879,284756.0
1880,160973.0
1881,331195.0
1882,91500.0
1883,47129.0
1884,40022.0
1885,40162.0
1886,49418.0
1887,109441.0
1888,274392.0
1889,42237.0
1890,103914.0
1891,107079.0
1892,41593.0
1893,79734.0
1894,98395.0
1895,55333.0
1896,355421.0
1897,101301.0
1898,162420.0
1899,204462.0
1900,139846.0
1901,512245.0
1902,118795.0
1903,282265.0
1904,91892.0
1905,104096.0
1906,163023.0
1907,24854.0
1908,224980.0
1909,37550.0
1910,226800.0
1911,117373.0
1912,390234.0
1913,170501.0
1914,23967.0
1915,99540.0
1916,93807.0
1917,132131.0
1918,117408.0
1919,99582.0
1920,27194.0
1921,114271.0
1922,142515.0
1923,78793.0
1924,393619.0
1925,114053.0
1926,182144.0
1927,106185.0
1928,192941.0
1929,104157.0
1930,82062.0
1931,106816.0
1932,78489.0
1933,93982.0
1934,299046.0
1935,104745.0
1936,53591.0
1937,142232.0
1938,261547.0
1939,117339.0
1940,57507.0
1941,188886.0
1942,83907.0
1943,42729.0
1944,192483.0
1945,185755.0
1946,182622.0
1947,119072.0
1948,140660.0
1949,78098.0
1950,129345.0
1951,110362.0
1952,302175.0
1953,115057.0
1954,74959.0
1955,23634.0
1956,53423.0
1957,64775.0
1958,30424.0
1959,52966.0
1960,303522.0
1961,108153.0
1962,200610.0
1963,188171.0
1964,71815.0
1965,155321.0
1966,212176.0
1967,80325.0
1968,260840.0
1969,238103.0
1970,20460.0
1971,166861.0
1972,27769.0
1973,100605.0
1974,193288.0
1975,144223.0
1976,55578.0
1977,65184.0
1978,104566.0
1979,82285.0
1980,26619.0
1981,91007.0
1982,19491.0
1983,92375.0
1984,50440.0
1985,152656.0
1986,38707.0
1987,562384.0
1988,60501.0
1989,108547.0
1990,187068.0
1991,59530.0
1992,178550.0
1993,180238.0
1994,117820.0
1995,37993.0
1996,364270.0
1997,39818.0
1998,177182.0
1999,121211.0
2000,255522.0
2001,27870.0
2002,70102.0
2003,217249.0
2004,172972.0
2005,260235.0
2006,97187.0
2007,37593.0
2008,25546.0
2009,44317.0
2010,112779.0
2011,92099.0
2012,75311.0
2013,104275.0
2014,523630.0
2015,174909.0
2016,260717.0
2017,103950.0
2018,79440.0
2019,191390.0
2020,186174.0
2021,96834.0
2022,96072.0
2023,217607.0
2024,240298.0
2025,276907.0
2026,140047.0
2027,146095.0
2028,36207.0
2029,120563.0
2030,59067.0
2031,94747.0
2032,373488.0
2033,134172.0
2034,126912.0
2035,99345.0
2036,90735.0
2037,159489.0
2038,53454.0
2039,188711.0
2040,240427.0
2041,68176.0
2042,71325.0
2043,166723.0
2044,217703.0
2045,124964.0
2046,23421.0
2047,79679.0
2048,215381.0
2049,64308.0
2050,29085.0
2051,44161.0
2052,141606.0
2053,174105.0
2054,23231.0
2055,135767.0
2056,203631.0
2057,57316.0
2058,106515.0
2059,123704.0
2060,64123.0
2061,144917.0
2062,117367.0
2063,272875.0
2064,151369.0
2065,466436.0
2066,63858.0
2067,251093.0
2068,139141.0
2069,349974.0
2070,280113.0
2071,310953.0
2072,425836.0
2073,97103.0
2074,29300.0
2075,77655.0
2076,139700.0
2077,329151.0
2078,95446.0
2079,168280.0
2080,155811.0
2081,232200.0
2082,123865.0
2083,183323.0
2084,187841.0
2085,148695.0
2086,123219.0
2087,22686.0
2088,94469.0
2089,27802.0
2090,26762.0
2091,84976.0
2092,44823.0
2093,51623.0
2094,27009.0
2095,434835.0
2096,93108.0
2097,65281.0
2098,109381.0
2099,234459.0
2100,86339.0
2101,95809.0
2102,117894.0
2103,103314.0
2104,216902.0
2105,188050.0
2106,315434.0
2107,132651.0
2108,61167.0
2109,92975.0
2110,150154.0
2111,75060.0
2112,99176.0
2113,75740.0
2114,100581.0
2115,127922.0
2116,120982.0
2117,37817.0
2118,119823.0
2119,108311.0
2120,82247.0
2121,90649.0
2122,26851.0
2123,121696.0
2124,113049.0
2125,222854.0
2126,90396.0
2127,212893.0
2128,31564.0
2129,115637.0
2130,123536.0
2131,175917.0
2132,192284.0
2133,159241.0
2134,23197.0
2135,58774.0
2136,38144.0
2137,30296.0
2138,374029.0
2139,47798.0
2140,78896.0
2141,106374.0
2142,69099.0
2143,78503.0
2144,29401.0
2145,467740.0
2146,193192.0
2147,48083.0
2148,49703.0
2149,221143.0
2150,110294.0
2151,115176.0
2152,264868.0
2153,34028.0
2154,86423.0
2155,103814.0
2156,462654.0
2157,121625.0
2158,45040.0
2159,78838.0
2160,211608.0
2161,106245.0
2162,92144.0
2163,145475.0
2164,238360.0
2165,121435.0
2166,71431.0
2167,81606.0
2168,176241.0
2169,172951.0
2170,222293.0
2171,75678.0
2172,43312.0
2173,83582.0
2174,81170.0
2175,81980.0
2176,57378.0
2177,57055.0
2178,137831.0
2179,177861.0
2180,53561.0
2181,25846.0
2182,185724.0
2183,238010.0
2184,194552.0
2185,184252.0
2186,196827.0
2187,54240.0
2188,241377.0
2189,70003.0
2190,297812.0
2191,97327.0
2192,71401.0
2193,133238.0
2194,109703.0
2195,57367.0
2196,80264.0
2197,195899.0
2198,83292.0
2199,246786.0
2200,55732.0
2201,389018.0
2202,77155.0
2203,156470.0
2204,69716.0
2205,156556.0
2206,70632.0
2207,66340.0
2208,56008.0
2209,165871.0
2210,380067.0
2211,42503.0
2212,126613.0
2213,65692.0
2214,94435.0
2215,122293.0
2216,187730.0
2217,94314.0
2218,70742.0
2219,186644.0
2220,182303.0
2221,50063.0
2222,143209.0
2223,117412.0
2224,378285.0
2225,142201.0
2226,52388.0
2227,265707.0
2228,113601.0
2229,87438.0
2230,86946.0
2231,260288.0
2232,157158.0
2233,182886.0
2234,124047.0
2235,96244.0
2236,89956.0
2237,285668.0
2238,138878.0
2239,73307.0
2240,49275.0
2241,46401.0
2242,102821.0
2243,121918.0
2244,86733.0
2245,53257.0
2246,90914.0
2247,46033.0
2248,116204.0
2249,89450.0
2250,46011.0
2251,43091.0
2252,70792.0
2253,70101.0
2254,63636.0
2255,50781.0
2256,118969.0
2257,55462.0
2258,181521.0
2259,156032.0
2260,104180.0
2261,39675.0
2262,176286.0
2263,26662.0
2264,150556.0
2265,53037.0
2266,181898.0
2267,100987.0
2268,31862.0
2269,147433.0
2270,123573.0
2271,85912.0
2272,206145.0
2273,139863.0
2274,156129.0
2275,411733.0
2276,220450.0
2277,226097.0
2278,257399.0
2279,277040.0
2280,175100.0
2281,113833.0
2282,252230.0
2283,24786.0
2284,454825.0
2285,153352.0
2286,36466.0
2287,27753.0
2288,193170.0
2289,182624.0
2290,93378.0
2291,76787.0
2292,321622.0
2293,61787.0
2294,114632.0
2295,21225.0
2296,93561.0
2297,99721.0
2298,104958.0
2299,80787.0
2300,51416.0
2301,118795.0
2302,157071.0
2303,113557.0
2304,131368.0
2305,247718.0
2306,100410.0
2307,25576.0
2308,139399.0
2309,118389.0
2310,52312.0
2311,202519.0
2312,63783.0
2313,127698.0
2314,82079.0
2315,190978.0
2316,98447.0
2317,209946.0
2318,95067.0
2319,93138.0
2320,80495.0
2321,70831.0
2322,214492.0
2323,79888.0
2324,127858.0
2325,206278.0
2326,404982.0
2327,37925.0
2328,49754.0
2329,94154.0
2330,73444.0
2331,129806.0
2332,41893.0
2333,78653.0
2334,224979.0
2335,31739.0
2336,134238.0
2337,89778.0
2338,357658.0
2339,24196.0
2340,422489.0
2341,207563.0
2342,252709.0
2343,228978.0
2344,92266.0
2345,24605.0
2346,71570.0
2347,52314.0
2348,74932.0
2349,24784.0
2350,90876.0
2351,76236.0
2352,516023.0
2353,80389.0
2354,64897.0
2355,126453.0
2356,64703.0
2357,124404.0
2358,105677.0
2359,42685.0
2360,32841.0
2361,114865.0
2362,90813.0
2363,83330.0
2364,123410.0
2365,146538.0
2366,45155.0
2367,63483.0
2368,247072.0
2369,71795.0
2370,38501.0
2371,141403.0
2372,109019.0
2373,59875.0
2374,57217.0
2375,39367.0
2376,70028.0
2377,404751.0
2378,150022.0
2379,44875.0
2380,28589.0
2381,87808.0
2382,118885.0
2383,46782.0
2384,120210.0
2385,192225.0
2386,52026.0
2387,125257.0
2388,491833.0
2389,65307.0
2390,326187.0
2391,109991.0
2392,449175.0
2393,231700.0
2394,73995.0
2395,185076.0
2396,95822.0
2397,93579.0
2398,145819.0
2399,78264.0
2400,209171.0
2401,179505.0
2402,31854.0
2403,42496.0
2404,150660.0
2405,75962.0
2406,188083.0
2407,82780.0
2408,82376.0
2409,369405.0
2410,159159.0
2411,40165.0
2412,38324.0
2413,203325.0
2414,113810.0
2415,253438.0
2416,101069.0
2417,27082.0
2418,256663.0
2419,341846.0
2420,108598.0
2421,238244.0
2422,44553.0
2423,79114.0
2424,268435.0
2425,176322.0
2426,60852.0
2427,178612.0
2428,194736.0
2429,104947.0
2430,214712.0
2431,53124.0
2432,48445.0
2433,210426.0
2434,44269.0
2435,46183.0
2436,91480.0
2437,281003.0
2438,85730.0
2439,92413.0
2440,60993.0
2441,298082.0
2442,101804.0
2443,173180.0
2444,66135.0
2445,110202.0
2446,105005.0
2447,63558.0
2448,121907.0
2449,27376.0
2450,60200.0
2451,305496.0
2452,141670.0
2453,112916.0
2454,99590.0
2455,66858.0
2456,116735.0
2457,352817.0
2458,393590.0
2459,60153.0
2460,95102.0
2461,190468.0
2462,68224.0
2463,54105.0
2464,77670.0
2465,95819.0
2466,356464.0
2467,121127.0
2468,175281.0
2469,45554.0
2470,111188.0
2471,90693.0
2472,27773.0
2473,77639.0
2474,179181.0
2475,127826.0
2476,101502.0
2477,54253.0
2478,62692.0
2479,306377.0
2480,74157.0
2481,29016.0
2482,117151.0
2483,95862.0
2484,144689.0
2485,156950.0
2486,112567.0
2487,168795.0
2488,90923.0
2489,41020.0
2490,53778.0
2491,133206.0
2492,280684.0
2493,110717.0
2494,37494.0
2495,100737.0
2496,226737.0
2497,471410.0
2498,149711.0
2499,112656.0
2500,46078.0
2501,121042.0
2502,236305.0
2503,41338.0
2504,60275.0
2505,109152.0
2506,98565.0
2507,333366.0
2508,74322.0
2509,25882.0
2510,59297.0
2511,28651.0
2512,25374.0
2513,202270.0
2514,98404.0
2515,219677.0
2516,193634.0
2517,90046.0
2518,168239.0
2519,66202.0
2520,427758.0
2521,352569.0
2522,50370.0
2523,315947.0
2524,80301.0
2525,173042.0
2526,39421.0
2527,89777.0
2528,74689.0
2529,120731.0
2530,280854.0
2531,132557.0
2532,82203.0
2533,69807.0
2534,75878.0
2535,211106.0
2536,130998.0
2537,65580.0
2538,45828.0
2539,108797.0
2540,110180.0
2541,217000.0
2542,109133.0
2543,168105.0
2544,94205.0
2545,20852.0
2546,29355.0
2547,64601.0
2548,136888.0
2549,82274.0
2550,159636.0
2551,76912.0
2552,72620.0
2553,43144.0
2554,108527.0
2555,480911.0
2556,205726.0
2557,130995.0
2558,346444.0
2559,62368.0
2560,149576.0
2561,129982.0
2562,36656.0
2563,59334.0
2564,187273.0
2565,73810.0
2566,211673.0
2567,160751.0
2568,61631.0
2569,142722.0
2570,171942.0
2571,174562.0
2572,124247.0
2573,172554.0
2574,65196.0
2575,100881.0
2576,183969.0
2577,51957.0
2578,157298.0
2579,145968.0
2580,62805.0
2581,86437.0
2582,231186.0
2583,257062.0
2584,95940.0
2585,22832.0
2586,193915.0
2587,135782.0
2588,117450.0
2589,65590.0
2590,219396.0
2591,73791.0
2592,63642.0
2593,116208.0
2594,106407.0
2595,120962.0
2596,403980.0
2597,46000.0
2598,167427.0
2599,166638.0
2600,44799.0
2601,102236.0
2602,120159.0
2603,133537.0
2604,190047.0
2605,271297.0
2606,110018.0
2607,314753.0
2608,102598.0
2609,192265.0
2610,43479.0
2611,95993.0
2612,20795.0
2613,133217.0
2614,135537.0
2615,104023.0
2616,25156.0
2617,50783.0
2618,103023.0
2619,87725.0
2620,184397.0
2621,174697.0
2622,88452.0
2623,88544.0
2624,78433.0
2625,82024.0
2626,200871.0
2627,58944.0
2628,127124.0
2629,167488.0
2630,74872.0
2631,114453.0
2632,438067.0
2633,190327.0
2634,33280.0
2635,297830.0
2636,65756.0
2637,373604.0
2638,105606.0
2639,59288.0
2640,178697.0
2641,76685.0
2642,132294.0
2643,57293.0
2644,227042.0
2645,72875.0
2646,148477.0
2647,115135.0
2648,74664.0
2649,87038.0
2650,155641.0
2651,58363.0
2652,26829.0
2653,31422.0
2654,103055.0
2655,246093.0
2656,92776.0
2657,54790.0
2658,30720.0
2659,112728.0
2660,71358.0
2661,55560.0
2662,334768.0
2663,285585.0
2664,233497.0
2665,57269.0
2666,272243.0
2667,217773.0
2668,222985.0
2669,166614.0
2670,428903.0
2671,55293.0
2672,301999.0
2673,91926.0
2674,110867.0
2675,91066.0
2676,68890.0
2677,128679.0
2678,107523.0
2679,138951.0
2680,98276.0
2681,108717.0
2682,63697.0
2683,26491.0
2684,92216.0
2685,365381.0
2686,47369.0
2687,29710.0
2688,71662.0
2689,45778.0
2690,110656.0
2691,50782.0
2692,49105.0
2693,156791.0
2694,29652.0
2695,392202.0
2696,109213.0
2697,96548.0
2698,108261.0
2699,189147.0
2700,97908.0
2701,24671.0
2702,216885.0
2703,76411.0
2704,29789.0
2705,435213.0
2706,116281.0
2707,141884.0
2708,173722.0
2709,91717.0
2710,57268.0
2711,41424.0
2712,45650.0
2713,83416.0
2714,42008.0
2715,52747.0
2716,27524.0
2717,391164.0
2718,50893.0
2719,206755.0
2720,360558.0
2721,83323.0
2722,162730.0
2723,46795.0
2724,81909.0
2725,59751.0
2726,80038.0
2727,316982.0
2728,202346.0
2729,77946.0
2730,50069.0
2731,50450.0
2732,103996.0
2733,115087.0
2734,70678.0
2735,38303.0
2736,45040.0
2737,348578.0
2738,145233.0
2739,177237.0
2740,253319.0
2741,129323.0
2742,188947.0
2743,217889.0
2744,85641.0
2745,142449.0
2746,193013.0
2747,183150.0
2748,98030.0
2749,440193.0
2750,61207.0
2751,158594.0
2752,67700.0
2753,240086.0
2754,107025.0
2755,367835.0
2756,118590.0
2757,75177.0
2758,98070.0
2759,114519.0
2760,144205.0
2761,183661.0
2762,140618.0
2763,140750.0
2764,195629.0
2765,80944.0
2766,73024.0
2767,101648.0
2768,155345.0
2769,46845.0
2770,137818.0
2771,107841.0
2772,115289.0
2773,46490.0
2774,428423.0
2775,61016.0
2776,140491.0
2777,256980.0
2778,74529.0
2779,47672.0
2780,115989.0
2781,154808.0
2782,185354.0
2783,171533.0
2784,503216.0
2785,118228.0
2786,50577.0
2787,186788.0
2788,66742.0
2789,126276.0
2790,29575.0
2791,188747.0
2792,111245.0
2793,97111.0
2794,84592.0
2795,96448.0
2796,56666.0
2797,152545.0
2798,107637.0
2799,35482.0
2800,100588.0
2801,53688.0
2802,284508.0
2803,30117.0
2804,190261.0
2805,27883.0
2806,75573.0
2807,418065.0
2808,79950.0
2809,46731.0
2810,73930.0
2811,27591.0
2812,54434.0
2813,141700.0
2814,172283.0
2815,42147.0
2816,158329.0
2817,130049.0
2818,72372.0
2819,221210.0
2820,120010.0
2821,122236.0
2822,256021.0
2823,156615.0
2824,29819.0
2825,133696.0
2826,123645.0
2827,58327.0
2828,225923.0
2829,124230.0
2830,29477.0
2831,33242.0
2832,440412.0
2833,424532.0
2834,55819.0
2835,72573.0
2836,56061.0
2837,155494.0
2838,119652.0
2839,70800.0
2840,244867.0
2841,146773.0
2842,53276.0
2843,225351.0
2844,196742.0
2845,39877.0
2846,59579.0
2847,52558.0
2848,95447.0
2849,229515.0
2850,25891.0
2851,205347.0
2852,553023.0
2853,276564.0
2854,250179.0
2855,167214.0
2856,236759.0
2857,32988.0
2858,58223.0
2859,87666.0
2860,131082.0
2861,193176.0
2862,39556.0
2863,122786.0
2864,135301.0
2865,122164.0
2866,190412.0
2867,133200.0
2868,437684.0
2869,631347.0
2870,41936.0
2871,260698.0
2872,56090.0
2873,124820.0
2874,24554.0
2875,91905.0
2876,128693.0
2877,228225.0
2878,242425.0
2879,116460.0
2880,97202.0
2881,147564.0
2882,158166.0
2883,153170.0
2884,47290.0
2885,212185.0
2886,114460.0
2887,151339.0
2888,71446.0
2889,55986.0
2890,193936.0
2891,45074.0
2892,216444.0
2893,30949.0
2894,82763.0
2895,117005.0
2896,258063.0
2897,46419.0
2898,174269.0
2899,74365.0
2900,205887.0
2901,235541.0
2902,192956.0
2903,171766.0
2904,63084.0
2905,368021.0
2906,53143.0
2907,52437.0
2908,194433.0
2909,229255.0
2910,55040.0
2911,237289.0
2912,79788.0
2913,201931.0
2914,240734.0
2915,325755.0
2916,154731.0
2917,128261.0
2918,82065.0
2919,160097.0
2920,114551.0
2921,58561.0
2922,27627.0
2923,221596.0
2924,142940.0
2925,122342.0
2926,164475.0
2927,152884.0
2928,56803.0
2929,67612.0
2930,52907.0
2931,341810.0
2932,105692.0
2933,91004.0
2934,69309.0
2935,216123.0
2936,98690.0
2937,198101.0
2938,98929.0
2939,77587.0
2940,51157.0
2941,117667.0
2942,27704.0
2943,43159.0
2944,220270.0
2945,55411.0
2946,136027.0
2947,57744.0
2948,121470.0
2949,156228.0
2950,87126.0
2951,293863.0
2952,102105.0
2953,42383.0
2954,90496.0
2955,155437.0
2956,54666.0
2957,36065.0
2958,245425.0
2959,130483.0
2960,28033.0
2961,107077.0
2962,408643.0
2963,155261.0
2964,56443.0
2965,52682.0
2966,94749.0
2967,113949.0
2968,369006.0
2969,104837.0
2970,459932.0
2971,76942.0
2972,71207.0
2973,54779.0
2974,529774.0
2975,35120.0
2976,233548.0
2977,194694.0
2978,46992.0
2979,65931.0
2980,27115.0
2981,69861.0
2982,253169.0
2983,120944.0
2984,57708.0
2985,482236.0
2986,211131.0
2987,241004.0
2988,80292.0
2989,90803.0
2990,45028.0
2991,163835.0
2992,122645.0
2993,74813.0
2994,88389.0
2995,100177.0
2996,115978.0
2997,54477.0
2998,175000.0
2999,201810.0
3000,117028.0
3001,186296.0
3002,151055.0
3003,443241.0
3004,67835.0
3005,57250.0
3006,129731.0
3007,25605.0
3008,158390.0
3009,123419.0
3010,521589.0
3011,350056.0
3012,47404.0
3013,90751.0
3014,36519.0
3015,67676.0
3016,166834.0
3017,48433.0
3018,172664.0
3019,85984.0
3020,93713.0
3021,59898.0
3022,119154.0
3023,69003.0
3024,80476.0
3025,265488.0
3026,95907.0
3027,104048.0
3028,200369.0
3029,161064.0
3030,163632.0
3031,110286.0
3032,29589.0
3033,193686.0
3034,183063.0
3035,83256.0
3036,26888.0
3037,66827.0
3038,44676.0
3039,290880.0
3040,110855.0
3041,77372.0
3042,38786.0
3043,120234.0
3044,63045.0
3045,417764.0
3046,379025.0
3047,217632.0
3048,141662.0
3049,186153.0
3050,21851.0
3051,259078.0
3052,267304.0
3053,166500.0
3054,248332.0
3055,284063.0
3056,148422.0
3057,211341.0
3058,45791.0
3059,304761.0
3060,218120.0
3061,148284.0
3062,94470.0
3063,44455.0
3064,27113.0
3065,140635.0
3066,159834.0
3067,65192.0
3068,202600.0
3069,236118.0
3070,275754.0
3071,165717.0
3072,107551.0
3073,345300.0
3074,178804.0
3075,111528.0
3076,68595.0
3077,79781.0
3078,294194.0
3079,116962.0
3080,112810.0
3081,140289.0
3082,33964.0
3083,176707.0
3084,242869.0
3085,29915.0
3086,422359.0
3087,41706.0
3088,390292.0
3089,85219.0
3090,42213.0
3091,71851.0
3092,52777.0
3093,26733.0
3094,129357.0
3095,176912.0
3096,383501.0
3097,141802.0
3098,96635.0
3099,32176.0
3100,131772.0
3101,91821.0
3102,97062.0
3103,319587.0
3104,72601.0
3105,267287.0
3106,55605.0
3107,310249.0
3108,339981.0
3109,147741.0
3110,50386.0
3111,103908.0
3112,164692.0
3113,54276.0
3114,81145.0
3115,41930.0
3116,26577.0
3117,153636.0
3118,28231.0
3119,114767.0
3120,75845.0
3121,93193.0
3122,44624.0
3123,440085.0
3124,101909.0
3125,39798.0
3126,23385.0
3127,70123.0
3128,30341.0
3129,89652.0
3130,93906.0
3131,117874.0
3132,92868.0
3133,71849.0
3134,123439.0
3135,605272.0
3136,180779.0
3137,172007.0
3138,83120.0
3139,120435.0
3140,24764.0
3141,105941.0
3142,239787.0
3143,240974.0
3144,113901.0
3145,30769.0
3146,124600.0
3147,238748.0
3148,31700.0
3149,40349.0
3150,122688.0
3151,255680.0
3152,390467.0
3153,184701.0
3154,140862.0
3155,24364.0
3156,242530.0
3157,48571.0
3158,158710.0
3159,86225.0
3160,32208.0
3161,79890.0
3162,159220.0
3163,58608.0
3164,267200.0
3165,193201.0
3166,128439.0
3167,28855.0
3168,48455.0
3169,404895.0
3170,42744.0
3171,116284.0
3172,87103.0
3173,25401.0
3174,23240.0
3175,191756.0
3176,55337.0
3177,81739.0
3178,281460.0
3179,31169.0
3180,178930.0
3181,150024.0
3182,219458.0
3183,77279.0
3184,31265.0
3185,215125.0
3186,73067.0
3187,29502.0
3188,86914.0
3189,99402.0
3190,170227.0
3191,22481.0
3192,259454.0
3193,145247.0
3194,115505.0
3195,84618.0
3196,80105.0
3197,156591.0
3198,43919.0
3199,127720.0
3200,92475.0
3201,134738.0
3202,87678.0
3203,133732.0
3204,31844.0
3205,43964.0
3206,199288.0
3207,39798.0
3208,59670.0
3209,94080.0
3210,163424.0
3211,404577.0
3212,171040.0
3213,199160.0
3214,24692.0
3215,104852.0
3216,76534.0
3217,471912.0
3218,183682.0
3219,80647.0
3220,89770.0
3221,606688.0
3222,248534.0
3223,140799.0
3224,240540.0
3225,171855.0
3226,223450.0
3227,92641.0
3228,155264.0
3229,87090.0
3230,96696.0
3231,66015.0
3232,96894.0
3233,70966.0
3234,107603.0
3235,155446.0
3236,177787.0
3237,47107.0
3238,131102.0
3239,92141.0
3240,96608.0
3241,18443.0
3242,138977.0
3243,254670.0
3244,629287.0
3245,35910.0
3246,132973.0
3247,30900.0
3248,513227.0
3249,94840.0
3250,349300.0
3251,57891.0
3252,28631.0
3253,258522.0
3254,104253.0
3255,84758.0
3256,126653.0
3257,234177.0
3258,160211.0
3259,505779.0
3260,105011.0
3261,141564.0
3262,68737.0
3263,50461.0
3264,119609.0
3265,77218.0
3266,261488.0
3267,32857.0
3268,208370.0
3269,113331.0
3270,181661.0
3271,44953.0
3272,385493.0
3273,147014.0
3274,157886.0
3275,444226.0
3276,71203.0
3277,146811.0
3278,22338.0
3279,295182.0
3280,98714.0
3281,43428.0
3282,88284.0
3283,87104.0
3284,36507.0
3285,117529.0
3286,201000.0
3287,55722.0
3288,288472.0
3289,157910.0
3290,69883.0
3291,72821.0
3292,176322.0
3293,34659.0
3294,265126.0
3295,40577.0
3296,110698.0
3297,174277.0
3298,97539.0
3299,280586.0
3300,26780.0
3301,84238.0
3302,286878.0
3303,189998.0
3304,104422.0
3305,155882.0
3306,318841.0
3307,140755.0
3308,32714.0
3309,64928.0
3310,73160.0
3311,275908.0
3312,336470.0
3313,100703.0
3314,197723.0
3315,40407.0
3316,106049.0
3317,179599.0
3318,142354.0
3319,234801.0
3320,137645.0
3321,479754.0
3322,421283.0
3323,459024.0
3324,113222.0
3325,32753.0
3326,312807.0
3327,93149.0
3328,71075.0
3329,69683.0
3330,60456.0
3331,376800.0
3332,56345.0
3333,95207.0
3334,221788.0
3335,81994.0
3336,90548.0
3337,111900.0
3338,170308.0
3339,64073.0
3340,82603.0
3341,63502.0
3342,82939.0
3343,97047.0
3344,26972.0
3345,101612.0
3346,73129.0
3347,140436.0
3348,122004.0
3349,98580.0
3350,33455.0
3351,81863.0
3352,133826.0
3353,113112.0
3354,153334.0
3355,70550.0
3356,41261.0
3357,191608.0
3358,29218.0
3359,66374.0
3360,182286.0
3361,396771.0
3362,61202.0
3363,23547.0
3364,322060.0
3365,244064.0
3366,578767.0
3367,75745.0
3368,96009.0
3369,31531.0
3370,190180.0
3371,52453.0
3372,73261.0
3373,70764.0
3374,40650.0
3375,40369.0
3376,60333.0
3377,62407.0
3378,172078.0
3379,148734.0
3380,74950.0
3381,316485.0
3382,232936.0
3383,318140.0
3384,241906.0
3385,106117.0
3386,84998.0
3387,53369.0
3388,121382.0
3389,27855.0
3390,150741.0
3391,75847.0
3392,37466.0
3393,93599.0
3394,90654.0
3395,174314.0
3396,123583.0
3397,68008.0
3398,120301.0
3399,91122.0
3400,194654.0
3401,153651.0
3402,23743.0
3403,342382.0
3404,87512.0
3405,137011.0
3406,238586.0
3407,111619.0
3408,88566.0
3409,460690.0
3410,278503.0
3411,60446.0
3412,120114.0
3413,85133.0
3414,66839.0
3415,79785.0
3416,254341.0
3417,121708.0
3418,77774.0
3419,159936.0
3420,92021.0
3421,149318.0
3422,35712.0
3423,105682.0
3424,42579.0
3425,72886.0
3426,95907.0
3427,61644.0
3428,255348.0
3429,73766.0
3430,119104.0
3431,64319.0
3432,530909.0
3433,206187.0
3434,33914.0
3435,96117.0
3436,76788.0
3437,199927.0
3438,171873.0
3439,85655.0
3440,258573.0
3441,86323.0
3442,371854.0
3443,237296.0
3444,145605.0
3445,177176.0
3446,151105.0
3447,227250.0
3448,56943.0
3449,345199.0
3450,223725.0
3451,168197.0
3452,153948.0
3453,139346.0
3454,69981.0
3455,204213.0
3456,194683.0
3457,114785.0
3458,210840.0
3459,82048.0
3460,152779.0
3461,54957.0
3462,215093.0
3463,86063.0
3464,213852.0
3465,121720.0
3466,98781.0
3467,79524.0
3468,99212.0
3469,110569.0
3470,145925.0
3471,54159.0
3472,63496.0
3473,207931.0
3474,93518.0
3475,93699.0
3476,90670.0
3477,191455.0
3478,84412.0
3479,238416.0
3480,126467.0
3481,70481.0
3482,446562.0
3483,159456.0
3484,104373.0
3485,136267.0
3486,297259.0
3487,271280.0
3488,129077.0
3489,29566.0
3490,27663.0
3491,35250.0
3492,178259.0
3493,46845.0
3494,15509.0
3495,25521.0
3496,68233.0
3497,67752.0
3498,26088.0
3499,189767.0
3500,171764.0
3501,193998.0
3502,430745.0
3503,192351.0
3504,108795.0
3505,213121.0
3506,292571.0
3507,39063.0
3508,306359.0
3509,148586.0
3510,38918.0
3511,60930.0
3512,80770.0
3513,581032.0
3514,210069.0
3515,355994.0
3516,66224.0
3517,78618.0
3518,121705.0
3519,74578.0
3520,99611.0
3521,517668.0
3522,119284.0
3523,62979.0
3524,124695.0
3525,234648.0
3526,408854.0
3527,76053.0
3528,122722.0
3529,223228.0
3530,355930.0
3531,131361.0
3532,75198.0
3533,100030.0
3534,529778.0
3535,52371.0
3536,48812.0
3537,139096.0
3538,54699.0
3539,80097.0
3540,50566.0
3541,129872.0
3542,96323.0
3543,71763.0
3544,98586.0
3545,54541.0
3546,136901.0
3547,33487.0
3548,114486.0
3549,472868.0
3550,78156.0
3551,54127.0
3552,29756.0
3553,62058.0
3554,52321.0
3555,145881.0
3556,174810.0
3557,153499.0
3558,68135.0
3559,71854.0
3560,51562.0
3561,25137.0
3562,111083.0
3563,29744.0
3564,106454.0
3565,118134.0
3566,187586.0
3567,149978.0
3568,29576.0
3569,214969.0
3570,140333.0
3571,152846.0
3572,264772.0
3573,137949.0
3574,185108.0
3575,214855.0
3576,91634.0
3577,165548.0
3578,58499.0
3579,200031.0
3580,206874.0
3581,153418.0
3582,138411.0
3583,55061.0
3584,49427.0
3585,212583.0
3586,127098.0
3587,117519.0
3588,146800.0
3589,184774.0
3590,221808.0
3591,97223.0
3592,51903.0
3593,201597.0
3594,105014.0
3595,83136.0
3596,264194.0
3597,240201.0
3598,182898.0
3599,133549.0
3600,70841.0
3601,181342.0
3602,56340.0
3603,63523.0
3604,112318.0
3605,106004.0
3606,182318.0
3607,319060.0
3608,225024.0
3609,80708.0
3610,35144.0
3611,126113.0
3612,113473.0
3613,281992.0
3614,366740.0
3615,96789.0
3616,180214.0
3617,68859.0
3618,137460.0
3619,138730.0
3620,109301.0
3621,133412.0
3622,192681.0
3623,159569.0
3624,80228.0
3625,137383.0
3626,28107.0
3627,216115.0
3628,112829.0
3629,107902.0
3630,408073.0
3631,24179.0
3632,146496.0
3633,53787.0
3634,81678.0
3635,526248.0
3636,86675.0
3637,266747.0
3638,100795.0
3639,148567.0
3640,176447.0
3641,82843.0
3642,107516.0
3643,100319.0
3644,122993.0
3645,53003.0
3646,311190.0
3647,32368.0
3648,196161.0
3649,52075.0
3650,85911.0
3651,136447.0
3652,28115.0
3653,80712.0
3654,104599.0
3655,107519.0
3656,41917.0
3657,118197.0
3658,108368.0
3659,120678.0
3660,115306.0
3661,21578.0
3662,23036.0
3663,225990.0
3664,126228.0
3665,119464.0
3666,356363.0
3667,94319.0
3668,102251.0
3669,111489.0
3670,37705.0
3671,126676.0
3672,52880.0
3673,85582.0
3674,23646.0
3675,30771.0
3676,72348.0
3677,74863.0
3678,31579.0
3679,25586.0
3680,177247.0
3681,93064.0
3682,166705.0
3683,121319.0
3684,48860.0
3685,83449.0
3686,404000.0
3687,169392.0
3688,103687.0
3689,39214.0
3690,31518.0
3691,98074.0
3692,63420.0
3693,167587.0
3694,82201.0
3695,140944.0
3696,170909.0
3697,198254.0
3698,154739.0
3699,46382.0
3700,86645.0
3701,35347.0
3702,174770.0
3703,92089.0
3704,120128.0
3705,87165.0
3706,57875.0
3707,224253.0
3708,233766.0
3709,169181.0
3710,99576.0
3711,168591.0
3712,101319.0
3713,125262.0
3714,157458.0
3715,108558.0
3716,25255.0
3717,20919.0
3718,127023.0
3719,108461.0
3720,36570.0
3721,389150.0
3722,115563.0
3723,31115.0
3724,46383.0
3725,123873.0
3726,97672.0
3727,69777.0
3728,212795.0
3729,39603.0
3730,181425.0
3731,107530.0
3732,395151.0
3733,171408.0
3734,207068.0
3735,54979.0
3736,57457.0
3737,46466.0
3738,124629.0
3739,93529.0
3740,22430.0
3741,187219.0
3742,262096.0
3743,39044.0
3744,317668.0
3745,95892.0
3746,157423.0
3747,83208.0
3748,68612.0
3749,91764.0
3750,41974.0
3751,80166.0
3752,183144.0
3753,41476.0
3754,340405.0
3755,110189.0
3756,53743.0
3757,91327.0
3758,428561.0
3759,112416.0
3760,268831.0
3761,338560.0
3762,98562.0
3763,77887.0
3764,26048.0
3765,21825.0
3766,117561.0
3767,186588.0
3768,59895.0
3769,82411.0
3770,46034.0
3771,463766.0
3772,361598.0
3773,201561.0
3774,223939.0
3775,146386.0
3776,67869.0
3777,116749.0
3778,440797.0
3779,119006.0
3780,79100.0
3781,203980.0
3782,50945.0
3783,256252.0
3784,168694.0
3785,52921.0
3786,74356.0
3787,207008.0
3788,55660.0
3789,112433.0
3790,146083.0
3791,406081.0
3792,38187.0
3793,218877.0
3794,183499.0
3795,46250.0
3796,51008.0
3797,57954.0
3798,344913.0
3799,159373.0
3800,103979.0
3801,93174.0
3802,202552.0
3803,105051.0
3804,350277.0
3805,218518.0
3806,114479.0
3807,99652.0
3808,155328.0
3809,203695.0
3810,129001.0
3811,321087.0
3812,110002.0
3813,24552.0
3814,72326.0
3815,53119.0
3816,158084.0
3817,187165.0
3818,36196.0
3819,31403.0
3820,208599.0
3821,26835.0
3822,26119.0
3823,215976.0
3824,97814.0
3825,104739.0
3826,71544.0
3827,159907.0
3828,191359.0
3829,161572.0
3830,96974.0
3831,48878.0
3832,427141.0
3833,101297.0
3834,56343.0
3835,229206.0
